<?xml version="1.0" encoding="UTF-8"?>
<project-private xmlns="http://www.netbeans.org/ns/project-private/1">
    <editor-bookmarks xmlns="http://www.netbeans.org/ns/editor-bookmarks/2" lastBookmarkId="0"/>
    <open-files xmlns="http://www.netbeans.org/ns/projectui-open-files/2">
        <group>
            <file>file:/C:/Users/HP/Documents/NetBeansProjects/Project3/src/My_Package/OrderPlace.java</file>
            <file>file:/C:/Users/HP/Documents/NetBeansProjects/Project3/src/My_Package/OrderFood.java</file>
            <file>file:/C:/Users/HP/Documents/NetBeansProjects/Project3/src/My_Package/MenueItem.java</file>
            <file>file:/C:/Users/HP/Documents/NetBeansProjects/Project3/src/My_Package/HomePage.java</file>
            <file>file:/C:/Users/HP/Documents/NetBeansProjects/Project3/src/My_Package/AddMenue.java</file>
            <file>file:/C:/Users/HP/Documents/NetBeansProjects/Project3/src/My_Package/AdminLogin.java</file>
            <file>file:/C:/Users/HP/Documents/NetBeansProjects/Project3/src/My_Package/JFrame1.java</file>
            <file>file:/C:/Users/HP/Documents/NetBeansProjects/Project3/src/My_Package/AdminAddOption.java</file>
        </group>
    </open-files>
</project-private>
